Model,AUC,Accuracy,Precision,Recall,F1-score,G-Mean,Time(s)
LightGBM,0.9216499999999999,0.62,0.9615384615384616,0.25,0.3968253968253968,0.49749371855331,3.011279344558716
